{"cameraMode":{"drawMode":0,"name":"Shaded","section":"Shading Mode"},"sceneLighting":true,"audioPlay":false,"sceneViewState":{"showFog":true,"showMaterialUpdate":false,"showSkybox":true,"showFlares":true,"showImageEffects":true,"showParticleSystems":true},"in2DMode":false,"pivot":{"x":-0.18790674209594727,"y":0.5177686214447022,"z":-0.14888906478881837},"rotation":{"x":-0.07679567486047745,"y":0.904659628868103,"z":-0.1846172958612442,"w":-0.37631312012672427},"size":10.0,"orthographic":false}